Alert_ID,Timestamp,User,Type,Lat,Lon,Status
ALERT_1768726511734,2026-01-18T08:55:11.735Z,WEB_ADMIN,MANUAL,0,0,ACTIVE
ALERT_1768726511734,2026-01-18T08:55:18.471Z,ADMIN,RESOLVE_ACTION,0,0,RESOLVED
ALERT_1768726725780,2026-01-18T08:58:45.832Z,WEB_ADMIN,MANUAL,0,0,ACTIVE
ALERT_1768726725780,2026-01-18T08:58:55.181Z,ADMIN,RESOLVE_ACTION,0,0,RESOLVED
ALERT_1768727001460,2026-01-18T09:03:21.511Z,WEB_ADMIN,MANUAL,0,0,ACTIVE
ALERT_1768727001460,2026-01-18T09:03:55.871Z,ADMIN,RESOLVE_ACTION,0,0,RESOLVED
ALERT_1768727248334,2026-01-18T09:07:28.386Z,WEB_ADMIN,MANUAL,0,0,ACTIVE
ALERT_1768727248334,2026-01-18T09:07:35.030Z,ADMIN,RESOLVE_ACTION,0,0,RESOLVED
ALERT_1768727613949,2026-01-18T09:13:33.993Z,WEB_ADMIN,MANUAL,0,0,ACTIVE
ALERT_1768727613949,2026-01-18T09:14:57.297Z,ADMIN,RESOLVE_ACTION,0,0,RESOLVED
ALERT_1768727703453,2026-01-18T09:15:03.456Z,WEB_ADMIN,MANUAL,0,0,ACTIVE
ALERT_1768727962790,2026-01-18T09:19:22.820Z,WEB_ADMIN,MANUAL,0,0,ACTIVE
ALERT_1768727962790,2026-01-18T09:19:25.911Z,ADMIN,RESOLVE_ACTION,0,0,RESOLVED
ALERT_1768727999036,2026-01-18T09:19:59.077Z,WEB_ADMIN,MANUAL,0,0,ACTIVE
ALERT_1768727703453,2026-01-18T09:23:55.832Z,SYSTEM,SESSION_RESET,0,0,EXPIRED
ALERT_1768727999036,2026-01-18T09:23:55.833Z,SYSTEM,SESSION_RESET,0,0,EXPIRED
ALERT_1768728246082,2026-01-18T09:24:06.121Z,WEB_ADMIN,MANUAL,0,0,ACTIVE
ALERT_1768728246082,2026-01-18T09:24:23.316Z,SYSTEM,SESSION_RESET,0,0,EXPIRED
ALERT_1768730745672,2026-01-18T10:05:45.703Z,WEB_ADMIN,MANUAL,0,0,ACTIVE
ALERT_1768730745672,2026-01-18T10:05:51.294Z,ADMIN,RESOLVE_ACTION,0,0,RESOLVED
ALERT_1768932597442,2026-01-20T18:09:57.496Z,WEB_ADMIN,MANUAL,0,0,ACTIVE
ALERT_1768932597442,2026-01-20T18:10:11.253Z,ADMIN,RESOLVE_ACTION,0,0,RESOLVED
ALERT_1768932756091,2026-01-20T18:12:36.095Z,WEB_ADMIN,MANUAL,0,0,ACTIVE
ALERT_1768932756091,2026-01-20T18:12:43.888Z,ADMIN,RESOLVE_ACTION,0,0,RESOLVED
ALERT_1768932789262,2026-01-20T18:13:09.263Z,WEB_ADMIN,MANUAL,0,0,ACTIVE
ALERT_1768932789262,2026-01-20T18:13:19.885Z,ADMIN,RESOLVE_ACTION,0,0,RESOLVED
ALERT_1768932827477,2026-01-20T18:13:47.480Z,WEB_ADMIN,MANUAL,0,0,ACTIVE
ALERT_1768932830127,2026-01-20T18:13:50.127Z,WEB_ADMIN,MANUAL,0,0,ACTIVE
ALERT_1768932837334,2026-01-20T18:13:57.342Z,WEB_ADMIN,MANUAL,0,0,ACTIVE
ALERT_1768932827477,2026-01-20T18:14:32.328Z,SYSTEM,SESSION_RESET,0,0,EXPIRED
ALERT_1768932830127,2026-01-20T18:14:32.329Z,SYSTEM,SESSION_RESET,0,0,EXPIRED
ALERT_1768932837334,2026-01-20T18:14:32.329Z,SYSTEM,SESSION_RESET,0,0,EXPIRED
ALERT_1768991662040,2026-01-21T10:34:22.094Z,WEB_ADMIN,MANUAL,0,0,ACTIVE
ALERT_1768991662040,2026-01-22T16:36:26.421Z,SYSTEM,SESSION_RESET,0,0,EXPIRED
ALERT_1769100455031,2026-01-22T16:47:35.263Z,WEB_ADMIN,MANUAL,0,0,ACTIVE
ALERT_1769100455031,2026-01-22T16:47:44.766Z,ADMIN,RESOLVE_ACTION,0,0,RESOLVED
ALERT_1769147104953,2026-01-23T05:45:05.015Z,WEB_ADMIN,MANUAL,0,0,ACTIVE
ALERT_1769147104953,2026-01-23T05:45:45.400Z,ADMIN,RESOLVE_ACTION,0,0,RESOLVED
ALERT_1769147189091,2026-01-23T05:46:29.094Z,Admin_Mobile,EMERGENCY,0,0,ACTIVE
ALERT_1769147189091,2026-01-23T08:13:41.705Z,SYSTEM,SESSION_RESET,0,0,EXPIRED
ALERT_1769159639736,2026-01-23T09:13:59.794Z,WEB_ADMIN,MANUAL,0,0,ACTIVE
ALERT_1769159674610,2026-01-23T09:14:34.613Z,WEB_ADMIN,MANUAL,0,0,ACTIVE
ALERT_1769159674610,2026-01-23T09:14:38.890Z,ADMIN,RESOLVE_ACTION,0,0,RESOLVED
ALERT_1769159687131,2026-01-23T09:14:47.134Z,WEB_ADMIN,MANUAL,0,0,ACTIVE
ALERT_1769159639736,2026-01-23T09:16:08.859Z,SYSTEM,SESSION_RESET,0,0,EXPIRED
ALERT_1769159687131,2026-01-23T09:16:08.861Z,SYSTEM,SESSION_RESET,0,0,EXPIRED
ALERT_1769159849243,2026-01-23T09:17:29.296Z,WEB_ADMIN,MANUAL,0,0,ACTIVE
ALERT_1769159858100,2026-01-23T09:17:38.106Z,WEB_ADMIN,MANUAL,0,0,ACTIVE
ALERT_1769159858100,2026-01-23T09:17:44.749Z,ADMIN,RESOLVE_ACTION,0,0,RESOLVED
ALERT_1769159849243,2026-01-23T09:18:38.146Z,SYSTEM,SESSION_RESET,0,0,EXPIRED
ALERT_1769160045697,2026-01-23T09:20:45.730Z,WEB_ADMIN,MANUAL,0,0,ACTIVE
ALERT_1769160108712,2026-01-23T09:21:48.719Z,WEB_ADMIN,MANUAL,0,0,ACTIVE
ALERT_1769160118707,2026-01-23T09:21:58.711Z,Admin_Mobile,EMERGENCY,0,0,ACTIVE
ALERT_1769160324638,2026-01-23T09:25:24.642Z,WEB_ADMIN,MANUAL,0,0,ACTIVE
ALERT_1769160045697,2026-01-23T09:26:34.699Z,SYSTEM,SESSION_RESET,0,0,EXPIRED
ALERT_1769160108712,2026-01-23T09:26:34.701Z,SYSTEM,SESSION_RESET,0,0,EXPIRED
ALERT_1769160118707,2026-01-23T09:26:34.701Z,SYSTEM,SESSION_RESET,0,0,EXPIRED
ALERT_1769160324638,2026-01-23T09:26:34.702Z,SYSTEM,SESSION_RESET,0,0,EXPIRED
ALERT_1769664470201,2026-01-29T05:27:50.353Z,WEB_ADMIN,MANUAL,0,0,ACTIVE
ALERT_1769664482974,2026-01-29T05:28:02.979Z,WEB_ADMIN,MANUAL,0,0,ACTIVE
ALERT_1769664482974,2026-01-29T05:28:15.351Z,ADMIN,RESOLVE_ACTION,0,0,RESOLVED
ALERT_1769664523043,2026-01-29T05:28:43.048Z,WEB_ADMIN,MANUAL,0,0,ACTIVE
ALERT_1769664523043,2026-01-29T05:28:47.716Z,ADMIN,RESOLVE_ACTION,0,0,RESOLVED
ALERT_1769664549017,2026-01-29T05:29:09.020Z,WEB_ADMIN,MANUAL,0,0,ACTIVE
ALERT_1769664470201,2026-01-30T08:41:27.837Z,SYSTEM,SESSION_RESET,0,0,EXPIRED
ALERT_1769664549017,2026-01-30T08:41:27.848Z,SYSTEM,SESSION_RESET,0,0,EXPIRED
ALERT_1772625461841,2026-03-04T11:57:41.844Z,UI_USER,MANUAL_SOS,0,0,ACTIVE
ALERT_1772625461841,2026-03-04T13:56:42.996Z,SYSTEM,SESSION_RESET,0,0,EXPIRED
ALERT_1773157612470,2026-03-10T15:46:52.472Z,UI_USER,MANUAL_SOS,0,0,ACTIVE
ALERT_1773157629848,2026-03-10T15:47:09.849Z,UI_USER,MANUAL_SOS,0,0,ACTIVE
ALERT_1773157649155,2026-03-10T15:47:29.156Z,UI_USER,MANUAL_SOS,0,0,ACTIVE
ALERT_1773157612470,2026-03-10T15:48:16.582Z,SYSTEM,SESSION_RESET,0,0,EXPIRED
ALERT_1773157629848,2026-03-10T15:48:16.584Z,SYSTEM,SESSION_RESET,0,0,EXPIRED
ALERT_1773157649155,2026-03-10T15:48:16.584Z,SYSTEM,SESSION_RESET,0,0,EXPIRED
ALERT_1773157725824,2026-03-10T15:48:45.825Z,UI_USER,MANUAL_SOS,0,0,ACTIVE
ALERT_1773157742159,2026-03-10T15:49:02.159Z,UI_USER,MANUAL_SOS,0,0,ACTIVE
ALERT_1773157725824,2026-03-10T15:49:38.220Z,SYSTEM,SESSION_RESET,0,0,EXPIRED
ALERT_1773157742159,2026-03-10T15:49:38.222Z,SYSTEM,SESSION_RESET,0,0,EXPIRED
ALERT_1773157805394,2026-03-10T15:50:05.395Z,UI_USER,MANUAL_SOS,0,0,ACTIVE
ALERT_1773157819164,2026-03-10T15:50:19.165Z,UI_USER,MANUAL_SOS,0,0,ACTIVE
ALERT_1773157805394,2026-03-16T15:33:42.440Z,SYSTEM,SESSION_RESET,0,0,EXPIRED
ALERT_1773157819164,2026-03-16T15:33:42.448Z,SYSTEM,SESSION_RESET,0,0,EXPIRED
ALERT_1774279120062,2026-03-23T15:18:40.062Z,UI_USER,MANUAL_SOS,0,0,ACTIVE
ALERT_1774279120062,2026-03-27T04:59:04.026Z,SYSTEM,SESSION_RESET,0,0,EXPIRED
