Alert_ID,Timestamp,Node_ID,Sensor_Val,Rain,Status
LOG_1768727891065,2026-01-18T09:18:11.065Z,NODE_01,"S2:51.969|S3:66.538",4095,3246
LOG_1768728472035,2026-01-18T09:27:52.035Z,NODE_01,"S3:57.681",4095,3232
LOG_1768728484019,2026-01-18T09:28:04.019Z,NODE_01,"S3:58.106",4095,3481
LOG_1768728513095,2026-01-18T09:28:33.095Z,NODE_01,"S3:56.916",4095,3789
LOG_1768728529274,2026-01-18T09:28:49.274Z,NODE_01,"S3:51.833",4095,3483
LOG_1768728541892,2026-01-18T09:29:01.892Z,NODE_01,"S3:57.749",4095,3443
LOG_1768728567305,2026-01-18T09:29:27.305Z,NODE_01,"S3:58.106",4095,3933
LOG_1768728580272,2026-01-18T09:29:40.272Z,NODE_01,"S3:57.324",4095,4120
LOG_1768728597232,2026-01-18T09:29:57.232Z,NODE_01,"S3:57.681",4095,4164
LOG_1768728607612,2026-01-18T09:30:07.612Z,NODE_01,"S3:45.356",4095,3278
LOG_1768728616109,2026-01-18T09:30:16.109Z,NODE_01,"S3:52.258",4095,3353
LOG_1768728624915,2026-01-18T09:30:24.915Z,NODE_01,"S3:56.508",4095,3686
LOG_1768728640890,2026-01-18T09:30:40.890Z,NODE_01,"S3:45.764",4095,3481
LOG_1768728647755,2026-01-18T09:30:47.755Z,NODE_01,"S3:57.664",4095,3276
LOG_1768728667416,2026-01-18T09:31:07.416Z,NODE_01,"S3:58.106",4095,3025
LOG_1768728687007,2026-01-18T09:31:27.007Z,NODE_01,"S3:56.491",4095,3516
LOG_1768728696290,2026-01-18T09:31:36.290Z,NODE_01,"S3:52.258",4095,3687
LOG_1768728709910,2026-01-18T09:31:49.910Z,NODE_01,"S3:58.089",4095,3334
LOG_1768728724654,2026-01-18T09:32:04.654Z,NODE_01,"S3:57.664",4095,3482
LOG_1768728733046,2026-01-18T09:32:13.046Z,NODE_01,"S3:58.106",4095,4502
LOG_1768728760700,2026-01-18T09:32:40.700Z,NODE_01,"S3:57.681",4095,3891
LOG_1768728798694,2026-01-18T09:33:18.694Z,NODE_01,"S3:57.732",4095,3585
LOG_1768728829107,2026-01-18T09:33:49.107Z,NODE_01,"S3:57.664",4095,3894
LOG_1768728843390,2026-01-18T09:34:03.390Z,NODE_01,"S3:57.324",4095,3842
LOG_1768728863307,2026-01-18T09:34:23.307Z,NODE_01,"S3:45.764",4095,3686
LOG_1768728870376,2026-01-18T09:34:30.376Z,NODE_01,"S3:57.681",4095,3384
LOG_1768728889005,2026-01-18T09:34:49.005Z,NODE_01,"S3:51.833",4095,3682
LOG_1768728916145,2026-01-18T09:35:16.145Z,NODE_01,"S3:56.899",4095,3687
LOG_1768728935603,2026-01-18T09:35:35.603Z,NODE_01,"S3:57.324",4095,4113
LOG_1768728948424,2026-01-18T09:35:48.424Z,NODE_01,"S3:45.764",4095,3606
LOG_1768728963454,2026-01-18T09:36:03.454Z,NODE_01,"S3:45.339",4095,3175
LOG_1768728971211,2026-01-18T09:36:11.211Z,NODE_01,"S3:45.764",4095,3139
LOG_1768728990487,2026-01-18T09:36:30.487Z,NODE_01,"S3:46.172",4095,3682
LOG_1768729006872,2026-01-18T09:36:46.872Z,NODE_01,"S3:57.681",4095,3581
LOG_1768729044966,2026-01-18T09:37:24.966Z,NODE_01,"S1:46.325|S2:46.189",4095,3890
LOG_1768729082137,2026-01-18T09:38:02.137Z,NODE_01,"S3:56.627",4095,3390
LOG_1768729318787,2026-01-18T09:41:58.787Z,NODE_01,"S2:58.786|S3:58.446",4095,3686
LOG_1768729335581,2026-01-18T09:42:15.581Z,NODE_01,"S2:47.192",4095,3891
LOG_1768932673430,2026-01-20T18:11:13.430Z,NODE_01,"S3:147.594",4095,3279
LOG_1768932688541,2026-01-20T18:11:28.541Z,NODE_01,"S3:133.552",4095,3233
LOG_1768932731293,2026-01-20T18:12:11.293Z,NODE_01,"S3:148.121",4095,3385
LOG_1768932797541,2026-01-20T18:13:17.541Z,NODE_01,"S3:191.437",4095,3420
LOG_1768933033780,2026-01-20T18:17:13.780Z,NODE_02,"RAIN:0",0,3405
LOG_1768933139766,2026-01-20T18:18:59.766Z,NODE_02,"RAIN:0",0,3457
LOG_1768933166797,2026-01-20T18:19:26.797Z,NODE_02,"RAIN:0",0,3275
LOG_1768991480413,2026-01-21T10:31:20.413Z,NODE_02,"RAIN:0",0,3855
LOG_1768991499437,2026-01-21T10:31:39.437Z,NODE_02,"RAIN:0",0,3639
LOG_1769100247108,2026-01-22T16:44:07.108Z,NODE_01,"S2:84.303",4095,4095
LOG_1769100254293,2026-01-22T16:44:14.293Z,NODE_01,"S2:54.281",4095,4316
LOG_1769100361187,2026-01-22T16:46:01.187Z,NODE_02,"S1:74.188|RAIN:398",398,4241
LOG_1769100395386,2026-01-22T16:46:35.386Z,NODE_02,"S1:75.82|RAIN:798",798,4379
LOG_1769100473509,2026-01-22T16:47:53.509Z,NODE_02,"RAIN:868",868,4190
LOG_1769100485696,2026-01-22T16:48:05.696Z,NODE_02,"S2:138.601|RAIN:1054",1054,4000
LOG_1769100509053,2026-01-22T16:48:29.053Z,NODE_02,"RAIN:1050",1050,4115
LOG_1769100521428,2026-01-22T16:48:41.428Z,NODE_02,"RAIN:984",984,4171
LOG_1769100542844,2026-01-22T16:49:02.844Z,NODE_02,"RAIN:1143",1143,4297
LOG_1769100551340,2026-01-22T16:49:11.340Z,NODE_02,"RAIN:1480",1480,4194
LOG_1769100558620,2026-01-22T16:49:18.620Z,NODE_02,"RAIN:1390",1390,4393
LOG_1769100714334,2026-01-22T16:51:54.334Z,NODE_02,"RAIN:196",196,144659
LOG_1769146885736,2026-01-23T05:41:25.736Z,NODE_01,"S3:57.647",4095,3540
LOG_1769146892367,2026-01-23T05:41:32.367Z,NODE_01,"S3:59.296",4095,3312
LOG_1769146904101,2026-01-23T05:41:44.101Z,NODE_01,"S3:53.567",4095,3269
LOG_1769146976766,2026-01-23T05:42:56.766Z,NODE_01,"S2:182.053",4095,4526
LOG_1769146990333,2026-01-23T05:43:10.333Z,NODE_01,"S2:183.43",4095,3483
LOG_1769147031741,2026-01-23T05:43:51.741Z,NODE_01,"S1:189.329",4095,3993
LOG_1769147046924,2026-01-23T05:44:06.924Z,NODE_01,"S1:61.319",4095,3345
LOG_1769147067347,2026-01-23T05:44:27.347Z,NODE_01,"S1:184.399|S2:179.537",4095,3695
LOG_1769147084950,2026-01-23T05:44:44.950Z,NODE_01,"S1:185.929|S2:177.922",4095,3277
LOG_1769147087406,2026-01-23T05:44:47.406Z,NODE_02,"RAIN:0",0,3275
LOG_1769147189634,2026-01-23T05:46:29.635Z,NODE_01,"S2:76.466",4095,4385
LOG_1769156849761,2026-01-23T08:27:29.761Z,NODE_01,"S1:50.524",4095,3735
LOG_1769159473912,2026-01-23T09:11:13.912Z,NODE_02,"RAIN:0",0,3283
LOG_1769159573338,2026-01-23T09:12:53.338Z,NODE_01,"S3:64.005",4095,3598
LOG_1769159601921,2026-01-23T09:13:21.921Z,NODE_01,"S3:51.204",4095,4128
LOG_1769159635804,2026-01-23T09:13:55.804Z,NODE_01,"S3:57.222",4095,3293
LOG_1769159667846,2026-01-23T09:14:27.846Z,NODE_01,"S3:57.103",4095,4208
LOG_1769159684141,2026-01-23T09:14:44.141Z,NODE_01,"S3:101.082",4095,3499
LOG_1769159722251,2026-01-23T09:15:22.251Z,NODE_01,"S3:120.717",4095,3643
LOG_1769159738363,2026-01-23T09:15:38.363Z,NODE_01,"S3:108.953",4095,3405
LOG_1769159775254,2026-01-23T09:16:15.254Z,NODE_02,"RAIN:0",0,4299
LOG_1769159810491,2026-01-23T09:16:50.491Z,NODE_01,"S3:58.038",4095,3326
LOG_1769159840600,2026-01-23T09:17:20.600Z,NODE_01,"S3:54.57",4095,4010
LOG_1769159866083,2026-01-23T09:17:46.083Z,NODE_01,"S3:80.529",4095,3520
LOG_1769159898031,2026-01-23T09:18:18.031Z,NODE_01,"S3:50.915",4095,3725
LOG_1769159913708,2026-01-23T09:18:33.708Z,NODE_01,"S3:100.64",4095,3387
LOG_1769159950563,2026-01-23T09:19:10.563Z,NODE_01,"S3:194.803",4095,3892
LOG_1769159964726,2026-01-23T09:19:24.726Z,NODE_01,"S3:196.129",4095,3862
LOG_1769159992054,2026-01-23T09:19:52.054Z,NODE_01,"S3:52.853",4095,3498
LOG_1769160110616,2026-01-23T09:21:50.616Z,NODE_01,"S3:47.668",4095,3480
LOG_1769160318461,2026-01-23T09:25:18.461Z,NODE_01,"S3:95.217",4095,3864
LOG_1769160357404,2026-01-23T09:25:57.404Z,NODE_01,"S3:52.853",4095,3484
LOG_1769160413109,2026-01-23T09:26:53.109Z,NODE_01,"S3:67.847",4095,3301
LOG_1769160457982,2026-01-23T09:27:37.982Z,NODE_01,"S3:151.249",4095,3608
LOG_1769397755164,2026-01-26T03:22:35.164Z,NODE_01,"S2:86.819",4095,3482
LOG_1769397872926,2026-01-26T03:24:32.926Z,NODE_01,"S2:187.119",4095,3893
LOG_1769397892342,2026-01-26T03:24:52.342Z,NODE_01,"S2:57.256",4095,3647
LOG_1769762586930,2026-01-30T08:43:06.930Z,NODE_01,"S1:73.508|S2:67.915|S3:65.076",4095,4399
LOG_1769762680835,2026-01-30T08:44:40.835Z,NODE_01,"S1:59.891|S3:185.623",4095,4813
LOG_1769762765115,2026-01-30T08:46:05.115Z,NODE_01,"S2:92.582|S3:98.277",4095,3384
LOG_1769762783681,2026-01-30T08:46:23.682Z,NODE_01,"S3:48.025",4095,5088
LOG_1770357038193,2026-02-06T05:50:38.193Z,NODE_01,"S1:93.109",4095,3989
LOG_1770357058925,2026-02-06T05:50:58.925Z,NODE_01,"S1:97.767",4095,3795
LOG_1770357084417,2026-02-06T05:51:24.417Z,NODE_01,"S2:93.296|S3:113.611",4095,3584
