timestamp,u1_distance,u2_distance,u3_distance,rain_raw,flood,water_depth,depth_rate,flow_direction,rain_local
2026-01-31 17:55,94.72,93.6,94.22,144,0,0.28000000000000114,0.0,0,0.14076246334310852
2026-01-31 18:00,92.87,91.78,92.51,538,0,2.1299999999999955,1.8499999999999943,0,0.5259042033235581
2026-01-31 18:05,94.43,94.11,94.27,1,0,0.5699999999999932,-1.5600000000000023,1,0.0009775171065493646
2026-01-31 18:10,89.97,89.9,89.57,745,1,5.030000000000001,4.460000000000008,0,0.7282502443792767
2026-01-31 18:15,94.46,93.38,94.14,9,0,0.5400000000000063,-4.489999999999995,-1,0.008797653958944282
2026-01-31 18:20,94.59,94.25,94.17,54,0,0.4099999999999966,-0.13000000000000966,1,0.05278592375366569
2026-01-31 18:25,89.55,88.14,89.44,1010,1,5.450000000000003,5.040000000000006,-1,0.9872922776148583
2026-01-31 18:30,94.07,92.17,93.51,31,0,0.9300000000000068,-4.519999999999996,0,0.030303030303030304
2026-01-31 18:35,94.55,93.14,93.88,198,0,0.45000000000000284,-0.480000000000004,1,0.1935483870967742
2026-01-31 18:40,92.35,92.31,91.62,553,0,2.6500000000000057,2.200000000000003,1,0.5405669599217986
2026-01-31 18:45,89.4,87.59,88.72,799,1,5.599999999999994,2.9499999999999886,-1,0.7810361681329423
2026-01-31 18:50,93.23,93.07,92.91,405,0,1.769999999999996,-3.8299999999999983,1,0.39589442815249265
2026-01-31 18:55,87.26,86.88,86.37,809,1,7.739999999999995,5.969999999999999,0,0.7908113391984359
2026-01-31 19:00,92.25,90.83,91.31,464,0,2.75,-4.989999999999995,-1,0.45356793743890517
2026-01-31 19:05,94.31,92.63,93.9,186,0,0.6899999999999977,-2.0600000000000023,-1,0.18181818181818182
2026-01-31 19:10,89.22,87.73,88.7,745,1,5.780000000000001,5.090000000000003,0,0.7282502443792767
2026-01-31 19:15,94.77,94.48,94.41,240,0,0.23000000000000398,-5.549999999999997,1,0.23460410557184752
2026-01-31 19:20,88.8,87.59,88.62,907,1,6.200000000000003,5.969999999999999,-1,0.8866080156402737
2026-01-31 19:25,94.79,93.38,94.73,78,0,0.20999999999999375,-5.990000000000009,0,0.07624633431085044
2026-01-31 19:30,92.44,90.75,92.34,488,0,2.5600000000000023,2.3500000000000085,0,0.47702834799608995
2026-01-31 19:35,88.12,86.62,87.27,911,1,6.8799999999999955,4.319999999999993,1,0.8905180840664711
2026-01-31 19:40,93.81,93.07,93.16,493,0,1.1899999999999977,-5.689999999999998,1,0.48191593352883677
2026-01-31 19:45,89.4,89.19,88.65,950,1,5.599999999999994,4.409999999999997,1,0.9286412512218963
2026-01-31 19:50,92.22,91.96,91.25,570,0,2.780000000000001,-2.819999999999993,0,0.5571847507331378
2026-01-31 19:55,94.43,93.84,94.26,231,0,0.5699999999999932,-2.210000000000008,-1,0.22580645161290322
2026-01-31 20:00,91.61,90.46,91.59,805,1,3.3900000000000006,2.8200000000000074,-1,0.7869012707722385
2026-01-31 20:05,94.72,94.6,94.58,7,0,0.28000000000000114,-3.1099999999999994,1,0.006842619745845552
2026-01-31 20:10,92.32,90.7,91.96,433,0,2.680000000000007,2.4000000000000057,-1,0.4232649071358749
2026-01-31 20:15,89.74,89.56,88.79,747,1,5.260000000000005,2.5799999999999983,1,0.7302052785923754
2026-01-31 20:20,93.22,91.87,92.63,442,0,1.7800000000000011,-3.480000000000004,-1,0.43206256109481916
2026-01-31 20:25,93.32,92.52,92.46,477,0,1.6800000000000068,-0.09999999999999432,1,0.4662756598240469
2026-01-31 20:30,94.23,93.98,93.38,267,0,0.769999999999996,-0.9100000000000108,1,0.26099706744868034
2026-01-31 20:35,94.93,93.88,94.01,55,0,0.06999999999999318,-0.7000000000000028,-1,0.053763440860215055
2026-01-31 20:40,92.63,91.14,91.82,491,0,2.3700000000000045,2.3000000000000114,-1,0.47996089931573804
2026-01-31 20:45,94.56,94.18,93.84,16,0,0.4399999999999977,-1.9300000000000068,1,0.015640273704789834
2026-01-31 20:50,92.33,92.24,91.54,338,0,2.6700000000000017,2.230000000000004,0,0.3304007820136852
2026-01-31 20:55,90.0,89.91,89.73,958,1,5.0,2.3299999999999983,-1,0.9364613880742912
2026-01-31 21:00,88.2,87.47,87.26,750,1,6.799999999999997,1.7999999999999972,0,0.7331378299120235
2026-01-31 21:05,92.5,91.35,91.95,334,0,2.5,-4.299999999999997,-1,0.32649071358748777
2026-01-31 21:10,92.17,90.45,91.78,597,0,2.8299999999999983,0.3299999999999983,-1,0.5835777126099707
2026-01-31 21:15,87.78,86.96,87.56,891,1,7.219999999999999,4.390000000000001,1,0.8709677419354839
2026-01-31 21:20,94.61,94.09,94.06,121,0,0.39000000000000057,-6.829999999999998,1,0.11827956989247312
2026-01-31 21:25,90.47,89.24,90.09,821,1,4.530000000000001,4.140000000000001,-1,0.8025415444770283
2026-01-31 21:30,94.86,93.65,94.56,215,0,0.14000000000000057,-4.390000000000001,0,0.2101661779081134
2026-01-31 21:35,87.55,85.56,86.75,772,1,7.450000000000003,7.310000000000002,0,0.7546432062561095
2026-01-31 21:40,91.99,90.02,91.55,948,1,3.010000000000005,-4.439999999999998,0,0.9266862170087976
2026-01-31 21:45,93.14,92.39,92.39,352,0,1.8599999999999994,-1.1500000000000057,1,0.34408602150537637
2026-01-31 21:50,94.56,93.66,94.41,194,0,0.4399999999999977,-1.4200000000000017,-1,0.18963831867057673
2026-01-31 21:55,93.25,91.58,92.86,339,0,1.75,1.3100000000000023,-1,0.3313782991202346
2026-01-31 22:00,94.06,93.54,93.91,104,0,0.9399999999999977,-0.8100000000000023,1,0.10166177908113393
2026-01-31 22:05,93.98,92.84,93.54,496,0,1.019999999999996,0.0799999999999983,0,0.48484848484848486
2026-01-31 22:10,93.75,92.83,92.77,587,0,1.25,0.23000000000000398,1,0.5738025415444771
2026-01-31 22:15,93.79,92.73,92.79,403,0,1.2099999999999937,-0.04000000000000625,0,0.3939393939393939
2026-01-31 22:20,94.64,94.16,94.32,229,0,0.35999999999999943,-0.8499999999999943,0,0.2238514173998045
2026-01-31 22:25,93.9,91.99,93.31,470,0,1.0999999999999943,0.7399999999999949,-1,0.45943304007820135
2026-01-31 22:30,94.32,92.7,94.19,270,0,0.6800000000000068,-0.4199999999999875,0,0.26392961876832843
2026-01-31 22:35,87.66,87.55,87.29,975,1,7.340000000000003,6.659999999999997,1,0.9530791788856305
2026-01-31 22:40,94.49,92.83,94.04,41,0,0.5100000000000051,-6.829999999999998,-1,0.04007820136852395
2026-01-31 22:45,92.45,91.78,92.26,515,0,2.549999999999997,2.039999999999992,1,0.5034213098729228
2026-01-31 22:50,94.35,92.77,93.61,91,0,0.6500000000000057,-1.8999999999999915,0,0.08895405669599218
2026-01-31 22:55,89.79,89.63,89.32,833,1,5.209999999999994,4.559999999999988,1,0.8142717497556208
2026-01-31 23:00,94.55,94.32,93.64,141,0,0.45000000000000284,-4.759999999999991,0,0.1378299120234604
2026-01-31 23:05,91.03,89.77,90.3,757,1,3.969999999999999,3.519999999999996,-1,0.739980449657869
2026-01-31 23:10,89.35,88.67,89.04,605,1,5.650000000000006,1.6800000000000068,0,0.5913978494623656
2026-01-31 23:15,90.3,88.52,89.41,908,1,4.700000000000003,-0.9500000000000028,-1,0.8875855327468231
2026-01-31 23:20,90.15,89.41,89.66,922,1,4.849999999999994,0.14999999999999147,1,0.9012707722385142
2026-01-31 23:25,94.41,92.93,94.07,267,0,0.5900000000000034,-4.259999999999991,-1,0.26099706744868034
2026-01-31 23:30,90.9,89.79,90.08,697,1,4.099999999999994,3.509999999999991,1,0.6813294232649071
2026-01-31 23:35,92.83,92.77,92.79,431,0,2.1700000000000017,-1.9299999999999926,0,0.42130987292277616
2026-01-31 23:40,92.46,90.86,91.87,435,0,2.5400000000000063,0.37000000000000455,-1,0.4252199413489736
2026-01-31 23:45,93.76,92.73,93.4,521,0,1.2399999999999949,-1.3000000000000114,0,0.509286412512219
2026-01-31 23:50,94.13,93.57,93.86,46,0,0.8700000000000045,-0.36999999999999034,0,0.044965786901270774
2026-01-31 23:55,92.92,92.64,92.47,599,0,2.0799999999999983,1.2099999999999937,0,0.5855327468230694
2026-02-01 00:00,92.52,90.73,91.53,489,0,2.480000000000004,0.4000000000000057,-1,0.4780058651026393
2026-02-01 00:05,91.07,90.27,90.12,645,1,3.930000000000007,1.4500000000000028,1,0.6304985337243402
2026-02-01 00:10,94.62,93.28,94.36,183,0,0.37999999999999545,-3.5500000000000114,-1,0.17888563049853373
2026-02-01 00:15,90.55,89.21,89.58,667,1,4.450000000000003,4.070000000000007,1,0.6520039100684262
2026-02-01 00:20,90.54,89.18,90.53,840,1,4.459999999999994,0.009999999999990905,-1,0.8211143695014663
2026-02-01 00:25,94.5,92.96,93.58,231,0,0.5,-3.9599999999999937,1,0.22580645161290322
2026-02-01 00:30,93.28,91.92,93.14,357,0,1.7199999999999989,1.2199999999999989,-1,0.3489736070381232
2026-02-01 00:35,94.04,93.11,93.9,261,0,0.9599999999999937,-0.7600000000000051,0,0.25513196480938416
2026-02-01 00:40,89.27,87.3,89.17,743,1,5.730000000000004,4.77000000000001,-1,0.7262952101661779
2026-02-01 00:45,89.13,87.27,88.22,600,1,5.8700000000000045,0.14000000000000057,1,0.5865102639296188
2026-02-01 00:50,94.27,92.28,93.85,170,0,0.730000000000004,-5.140000000000001,-1,0.16617790811339198
2026-02-01 00:55,94.55,92.61,93.9,285,0,0.45000000000000284,-0.28000000000000114,0,0.2785923753665689
2026-02-01 01:00,89.31,88.98,88.9,719,1,5.689999999999998,5.239999999999995,1,0.7028347996089932
2026-02-01 01:05,91.11,91.09,90.56,1019,1,3.8900000000000006,-1.7999999999999972,0,0.9960899315738025
2026-02-01 01:10,94.27,93.71,94.16,124,0,0.730000000000004,-3.1599999999999966,-1,0.12121212121212122
2026-02-01 01:15,94.92,93.94,94.14,62,0,0.0799999999999983,-0.6500000000000057,0,0.06060606060606061
2026-02-01 01:20,94.99,93.03,94.88,271,0,0.010000000000005116,-0.06999999999999318,-1,0.2649071358748778
2026-02-01 01:25,87.29,85.64,87.27,808,1,7.709999999999994,7.699999999999989,0,0.7898338220918866
2026-02-01 01:30,90.42,89.99,89.48,789,1,4.579999999999998,-3.1299999999999955,1,0.7712609970674487
2026-02-01 01:35,89.38,87.56,88.76,754,1,5.6200000000000045,1.0400000000000063,-1,0.7370478983382209
2026-02-01 01:40,91.18,89.64,90.91,832,1,3.819999999999993,-1.8000000000000114,0,0.8132942326490714
2026-02-01 01:45,93.96,92.21,93.08,497,0,1.0400000000000063,-2.779999999999987,0,0.4858260019550342
2026-02-01 01:50,93.71,93.47,93.29,335,0,1.2900000000000063,0.25,1,0.32746823069403713
2026-02-01 01:55,89.69,88.29,89.07,1022,1,5.310000000000002,4.019999999999996,-1,0.9990224828934506
2026-02-01 02:00,94.66,94.4,94.38,140,0,0.3400000000000034,-4.969999999999999,1,0.13685239491691104
2026-02-01 02:05,94.44,94.04,94.33,136,0,0.5600000000000023,0.21999999999999886,0,0.13294232649071358
2026-02-01 02:10,94.34,92.67,93.44,134,0,0.6599999999999966,0.09999999999999432,0,0.13098729227761485
