timestamp,u1_distance,u2_distance,u3_distance,rain_raw,flood
2026-01-31 17:55,94.72,93.6,94.22,144,0
2026-01-31 18:00,92.87,91.78,92.51,538,0
2026-01-31 18:05,94.43,94.11,94.27,1,0
2026-01-31 18:10,89.97,89.9,89.57,745,1
2026-01-31 18:15,94.46,93.38,94.14,9,0
2026-01-31 18:20,94.59,94.25,94.17,54,0
2026-01-31 18:25,89.55,88.14,89.44,1010,1
2026-01-31 18:30,94.07,92.17,93.51,31,0
2026-01-31 18:35,94.55,93.14,93.88,198,0
2026-01-31 18:40,92.35,92.31,91.62,553,0
2026-01-31 18:45,89.4,87.59,88.72,799,1
2026-01-31 18:50,93.23,93.07,92.91,405,0
2026-01-31 18:55,87.26,86.88,86.37,809,1
2026-01-31 19:00,92.25,90.83,91.31,464,0
2026-01-31 19:05,94.31,92.63,93.9,186,0
2026-01-31 19:10,89.22,87.73,88.7,745,1
2026-01-31 19:15,94.77,94.48,94.41,240,0
2026-01-31 19:20,88.8,87.59,88.62,907,1
2026-01-31 19:25,94.79,93.38,94.73,78,0
2026-01-31 19:30,92.44,90.75,92.34,488,0
2026-01-31 19:35,88.12,86.62,87.27,911,1
2026-01-31 19:40,93.81,93.07,93.16,493,0
2026-01-31 19:45,89.4,89.19,88.65,950,1
2026-01-31 19:50,92.22,91.96,91.25,570,0
2026-01-31 19:55,94.43,93.84,94.26,231,0
2026-01-31 20:00,91.61,90.46,91.59,805,1
2026-01-31 20:05,94.72,94.6,94.58,7,0
2026-01-31 20:10,92.32,90.7,91.96,433,0
2026-01-31 20:15,89.74,89.56,88.79,747,1
2026-01-31 20:20,93.22,91.87,92.63,442,0
2026-01-31 20:25,93.32,92.52,92.46,477,0
2026-01-31 20:30,94.23,93.98,93.38,267,0
2026-01-31 20:35,94.93,93.88,94.01,55,0
2026-01-31 20:40,92.63,91.14,91.82,491,0
2026-01-31 20:45,94.56,94.18,93.84,16,0
2026-01-31 20:50,92.33,92.24,91.54,338,0
2026-01-31 20:55,90.0,89.91,89.73,958,1
2026-01-31 21:00,88.2,87.47,87.26,750,1
2026-01-31 21:05,92.5,91.35,91.95,334,0
2026-01-31 21:10,92.17,90.45,91.78,597,0
2026-01-31 21:15,87.78,86.96,87.56,891,1
2026-01-31 21:20,94.61,94.09,94.06,121,0
2026-01-31 21:25,90.47,89.24,90.09,821,1
2026-01-31 21:30,94.86,93.65,94.56,215,0
2026-01-31 21:35,87.55,85.56,86.75,772,1
2026-01-31 21:40,91.99,90.02,91.55,948,1
2026-01-31 21:45,93.14,92.39,92.39,352,0
2026-01-31 21:50,94.56,93.66,94.41,194,0
2026-01-31 21:55,93.25,91.58,92.86,339,0
2026-01-31 22:00,94.06,93.54,93.91,104,0
2026-01-31 22:05,93.98,92.84,93.54,496,0
2026-01-31 22:10,93.75,92.83,92.77,587,0
2026-01-31 22:15,93.79,92.73,92.79,403,0
2026-01-31 22:20,94.64,94.16,94.32,229,0
2026-01-31 22:25,93.9,91.99,93.31,470,0
2026-01-31 22:30,94.32,92.7,94.19,270,0
2026-01-31 22:35,87.66,87.55,87.29,975,1
2026-01-31 22:40,94.49,92.83,94.04,41,0
2026-01-31 22:45,92.45,91.78,92.26,515,0
2026-01-31 22:50,94.35,92.77,93.61,91,0
2026-01-31 22:55,89.79,89.63,89.32,833,1
2026-01-31 23:00,94.55,94.32,93.64,141,0
2026-01-31 23:05,91.03,89.77,90.3,757,1
2026-01-31 23:10,89.35,88.67,89.04,605,1
2026-01-31 23:15,90.3,88.52,89.41,908,1
2026-01-31 23:20,90.15,89.41,89.66,922,1
2026-01-31 23:25,94.41,92.93,94.07,267,0
2026-01-31 23:30,90.9,89.79,90.08,697,1
2026-01-31 23:35,92.83,92.77,92.79,431,0
2026-01-31 23:40,92.46,90.86,91.87,435,0
2026-01-31 23:45,93.76,92.73,93.4,521,0
2026-01-31 23:50,94.13,93.57,93.86,46,0
2026-01-31 23:55,92.92,92.64,92.47,599,0
2026-02-01 00:00,92.52,90.73,91.53,489,0
2026-02-01 00:05,91.07,90.27,90.12,645,1
2026-02-01 00:10,94.62,93.28,94.36,183,0
2026-02-01 00:15,90.55,89.21,89.58,667,1
2026-02-01 00:20,90.54,89.18,90.53,840,1
2026-02-01 00:25,94.5,92.96,93.58,231,0
2026-02-01 00:30,93.28,91.92,93.14,357,0
2026-02-01 00:35,94.04,93.11,93.9,261,0
2026-02-01 00:40,89.27,87.3,89.17,743,1
2026-02-01 00:45,89.13,87.27,88.22,600,1
2026-02-01 00:50,94.27,92.28,93.85,170,0
2026-02-01 00:55,94.55,92.61,93.9,285,0
2026-02-01 01:00,89.31,88.98,88.9,719,1
2026-02-01 01:05,91.11,91.09,90.56,1019,1
2026-02-01 01:10,94.27,93.71,94.16,124,0
2026-02-01 01:15,94.92,93.94,94.14,62,0
2026-02-01 01:20,94.99,93.03,94.88,271,0
2026-02-01 01:25,87.29,85.64,87.27,808,1
2026-02-01 01:30,90.42,89.99,89.48,789,1
2026-02-01 01:35,89.38,87.56,88.76,754,1
2026-02-01 01:40,91.18,89.64,90.91,832,1
2026-02-01 01:45,93.96,92.21,93.08,497,0
2026-02-01 01:50,93.71,93.47,93.29,335,0
2026-02-01 01:55,89.69,88.29,89.07,1022,1
2026-02-01 02:00,94.66,94.4,94.38,140,0
2026-02-01 02:05,94.44,94.04,94.33,136,0
2026-02-01 02:10,94.34,92.67,93.44,134,0
